Word,Sentiment
Friendly,Positive
Natural,Positive
Optimistic,Positive
Jubilant,Positive
Generous,Positive
Instantaneous,Positive
Good,Positive
Nurturing,Positive
Nutritious,Positive
Creative,Positive
Superb,Positive
Amazing,Positive
Quiet,Positive
Divine,Positive
Thriving,Positive
Honest,Positive
Handsome,Positive
Okay,Positive
Celebrated,Positive
Simple,Positive
Distinguished,Positive
Thrilling,Positive
Marvelous,Positive
Harmonious,Positive
Enthusiastic,Positive
Victory,Positive
Imaginative,Positive
Brave,Positive
Robust,Positive
Acclaimed,Positive
Popular,Positive
Meritorious,Positive
Bounty,Positive
Right,Positive
Genius,Positive
Instinctive,Positive
Heavenly,Positive
Novel,Positive
Independent,Positive
Inventive,Positive
Bountiful,Positive
Rewarding,Positive
Effervescent,Positive
Trusting,Positive
Effective,Positive
Transforming,Positive
Efficient,Positive
Truthful,Positive
Calm,Positive
Seemly,Positive
Agreeable,Positive
Quick,Positive
Lucky,Positive
Lucid,Positive
Choice,Positive
Special,Positive
Energetic,Positive
Valued,Positive
Classic,Positive
Spirited,Positive
Cute,Positive
Supporting,Positive
Honorable,Positive
Ideal,Positive
Agree,Positive
Quality,Positive
Plentiful,Positive
Perfect,Positive
Masterful,Positive
Joy,Positive
Healing,Positive
Genuine,Positive
Intellectual,Positive
Endorsed,Positive
Upstanding,Positive
Ethical,Positive
Vital,Positive
Paradise,Positive
Fetching,Positive
Worthy,Positive
Excellent,Positive
Vivacious,Positive
Charming,Positive
Soulful,Positive
Honored,Positive
Cool,Positive
Sunny,Positive
Glamorous,Positive
Innovate,Positive
Impressive,Positive
Intuitive,Positive
Hearty,Positive
Innovative,Positive
Bliss,Positive
Reward,Positive
Believe,Positive
Respected,Positive
Clean,Positive
Stirring,Positive
Pleasant,Positive
Electrifying,Positive
Unwavering,Positive
Constant,Positive
Successful,Positive
Nice,Positive
Composed,Positive
Stupendous,Positive
Meaningful,Positive
Imagine,Positive
Intelligent,Positive
Gorgeous,Positive
Active,Positive
Principled,Positive
Lively,Positive
Luminous,Positive
Growing,Positive
Delight,Positive
Terrific,Positive
Accomplish,Positive
Positive,Positive
Classical,Positive
Spiritual,Positive
One,Positive
Familiar,Positive
Wholesome,Positive
Hug,Positive
Great,Positive
Fabulous,Positive
Well,Positive
Learned,Positive
Champ,Positive
Skillful,Positive
Accepted,Positive
Laugh,Positive
Polished,Positive
Enchanting,Positive
Upbeat,Positive
Keen,Positive
Absolutely,Positive
Poised,Positive
Delightful,Positive
Thorough,Positive
Idea,Positive
Fun,Positive
Flourishing,Positive
Yummy,Positive
Now,Positive
Easy,Positive
Tranquil,Positive
Earnest,Positive
Tops,Positive
One-hundred percent,Positive
Esteemed,Positive
Virtuous,Positive
Bravo,Positive
Safe,Positive
Affirmative,Positive
Protected,Positive
Angelic,Positive
Ready,Positive
Adventure,Positive
Prominent,Positive
Light,Positive
Affluent,Positive
Proud,Positive
Action,Positive
Pretty,Positive
Cheery,Positive
Sparkling,Positive
Fantastic,Positive
Wonderful,Positive
Healthy,Positive
Engaging,Positive
Victorious,Positive
Appealing,Positive
Reassuring,Positive
Moving,Positive
Giving,Positive
Merit,Positive
Approve,Positive
Refined,Positive
Funny,Positive
Brilliant,Positive
Satisfactory,Positive
Adorable,Positive
Progress,Positive
Achievement,Positive
Ecstatic,Positive
Prepared,Positive
Transformative,Positive
Knowing,Positive
Aptitude,Positive
Refreshing,Positive
Attractive,Positive
Rejoice,Positive
Awesome,Positive
Reliable,Positive
Pleasurable,Positive
Motivating,Positive
Miraculous,Positive
Lovely,Positive
Beautiful,Positive
Resounding,Positive
Beaming,Positive
Remarkable,Positive
Exciting,Positive
Wealthy,Positive
Champion,Positive
Smile,Positive
Beneficial,Positive
Restored,Positive
Graceful,Positive
Fine,Positive
Wow,Positive
Bubbly,Positive
Secure,Positive
Fortunate,Positive
Zeal,Positive
Kind,Positive
Courageous,Positive
Abrasive,Positive
Apathetic,Positive
Controlling,Positive
Dishonest,Positive
Impatient,Positive
Anxious,Positive
Betrayed,Positive
Disappointed,Positive
Embarrassed,Positive
Jealous,Positive
Abysmal,Negative
Bad,Negative
Callous,Negative
Corrosive,Negative
Damage,Negative
Despicable,Negative
Don’t,Negative
Enraged,Negative
Fail,Negative
Gawky,Negative
Haggard,Negative
Hurt,Negative
Icky,Negative
Insane,Negative
Jealous,Negative
Lose,Negative
Malicious,Negative
Naive,Negative
Not,Negative
Objectionable,Negative
Pain,Negative
Questionable,Negative
Reject,Negative
Rude,Negative
Sad,Negative
Sinister,Negative
Stuck,Negative
Tense,Negative
Ugly,Negative
Unsightly,Negative
Vice,Negative
Wary,Negative
Yell,Negative
Zero,Negative
Adverse,Negative
Banal,Negative
Can’t,Negative
Corrupt,Negative
Damaging,Negative
Detrimental,Negative
Dreadful,Negative
Eroding,Negative
Faulty,Negative
Ghastly,Negative
Hard,Negative
Hurtful,Negative
Ignorant,Negative
Insidious,Negative
Junky,Negative
Lousy,Negative
Mean,Negative
Nasty,Negative
Noxious,Negative
Odious,Negative
Perturb,Negative
Quirky,Negative
Renege,Negative
Ruthless,Negative
Savage,Negative
Slimy,Negative
Stupid,Negative
Terrible,Negative
Undermine,Negative
Untoward,Negative
Vicious,Negative
Weary,Negative
Yucky,Negative
Alarming,Negative
Barbed,Negative
Clumsy,Negative
Dastardly,Negative
Dirty,Negative
Dreary,Negative
Evil,Negative
Fear,Negative
Grave,Negative
Hard-hearted,Negative
Ignore,Negative
Injure,Negative
Insipid,Negative
Lumpy,Negative
Menacing,Negative
Naughty,Negative
None,Negative
Offensive,Negative
Pessimistic,Negative
Quit,Negative
Repellant,Negative
Scare,Negative
Smelly,Negative
Substandard,Negative
Terrifying,Negative
Unfair,Negative
Unwanted,Negative
Vile,Negative
Wicked,Negative
Angry,Negative
Belligerent,Negative
Coarse,Negative
Crazy,Negative
Dead,Negative
Disease,Negative
Feeble,Negative
Greed,Negative
Harmful,Negative
Ill,Negative
Injurious,Negative
Messy,Negative
Negate,Negative
No one,Negative
Old,Negative
Petty,Negative
Reptilian,Negative
Scary,Negative
Sobbing,Negative
Suspect,Negative
Threatening,Negative
Unfavorable,Negative
Unwelcome,Negative
Villainous,Negative
Woeful,Negative
Annoy,Negative
Bemoan,Negative
Cold,Negative
Creepy,Negative
Decaying,Negative
Disgusting,Negative
Fight,Negative
Grim,Negative
Hate,Negative
Immature,Negative
Misshapen,Negative
Negative,Negative
Nothing,Negative
Oppressive,Negative
Plain,Negative
Repugnant,Negative
Scream,Negative
Sorry,Negative
Suspicious,Negative
Unhappy,Negative
Unwholesome,Negative
Vindictive,Negative
Worthless,Negative
Anxious,Negative
Beneath,Negative
Cold-hearted,Negative
Criminal,Negative
Deformed,Negative
Disheveled,Negative
Filthy,Negative
Grimace,Negative
Hideous,Negative
Imperfect,Negative
Missing,Negative
Never,Negative
Neither,Negative
Poisonous,Negative
Repulsive,Negative
Severe,Negative
Spiteful,Negative
Unhealthy,Negative
Unwieldy,Negative
Wound,Negative
Apathy,Negative
Boring,Negative
Collapse,Negative
Cruel,Negative
Deny,Negative
Dishonest,Negative
Foul,Negative
Gross,Negative
Homely,Negative
Impossible,Negative
Misunderstood,Negative
No,Negative
Nowhere,Negative
Poor,Negative
Revenge,Negative
Shocking,Negative
Sticky,Negative
Unjust,Negative
Unwise,Negative
Appalling,Negative
Broken,Negative
Confused,Negative
Cry,Negative
Deplorable,Negative
Dishonorable,Negative
Frighten,Negative
Grotesque,Negative
Horrendous,Negative
Inane,Negative
Moan,Negative
Nobody,Negative
Prejudice,Negative
Revolting,Negative
Shoddy,Negative
Stinky,Negative
Unlucky,Negative
Upset,Negative
Atrocious,Negative
Contrary,Negative
Cutting,Negative
Depressed,Negative
Dismal,Negative
Frightful,Negative
Gruesome,Negative
Horrible,Negative
Inelegant,Negative
